Abdullah_Gul/Abdullah_Gul_0013.jpg Abdullah_Gul/Abdullah_Gul_0014.jpg 1
Alejandro_Toledo/Alejandro_Toledo_0003.jpg Alejandro_Toledo/Alejandro_Toledo_0017.jpg 1
Alvaro_Uribe/Alvaro_Uribe_0033.jpg Alvaro_Uribe/Alvaro_Uribe_0032.jpg 1
Amelie_Mauresmo/Amelie_Mauresmo_0013.jpg Amelie_Mauresmo/Amelie_Mauresmo_0010.jpg 1
Andre_Agassi/Andre_Agassi_0031.jpg Andre_Agassi/Andre_Agassi_0023.jpg 1
Andy_Roddick/Andy_Roddick_0010.jpg Andy_Roddick/Andy_Roddick_0004.jpg 1
Angelina_Jolie/Angelina_Jolie_0017.jpg Angelina_Jolie/Angelina_Jolie_0005.jpg 1
Ariel_Sharon/Ariel_Sharon_0037.jpg Ariel_Sharon/Ariel_Sharon_0018.jpg 1
Arnold_Schwarzenegger/Arnold_Schwarzenegger_0007.jpg Arnold_Schwarzenegger/Arnold_Schwarzenegger_0040.jpg 1
Atal_Bihari_Vajpayee/Atal_Bihari_Vajpayee_0009.jpg Atal_Bihari_Vajpayee/Atal_Bihari_Vajpayee_0018.jpg 1
Bill_Clinton/Bill_Clinton_0023.jpg Bill_Clinton/Bill_Clinton_0026.jpg 1
Bill_Gates/Bill_Gates_0005.jpg Bill_Gates/Bill_Gates_0010.jpg 1
Bill_Simon/Bill_Simon_0002.jpg Bill_Simon/Bill_Simon_0012.jpg 1
Carlos_Menem/Carlos_Menem_0003.jpg Carlos_Menem/Carlos_Menem_0011.jpg 1
Carlos_Moya/Carlos_Moya_0016.jpg Carlos_Moya/Carlos_Moya_0018.jpg 1
Colin_Powell/Colin_Powell_0026.jpg Colin_Powell/Colin_Powell_0091.jpg 1
David_Beckham/David_Beckham_0014.jpg David_Beckham/David_Beckham_0011.jpg 1
Dominique_de_Villepin/Dominique_de_Villepin_0010.jpg Dominique_de_Villepin/Dominique_de_Villepin_0011.jpg 1
Donald_Rumsfeld/Donald_Rumsfeld_0117.jpg Donald_Rumsfeld/Donald_Rumsfeld_0027.jpg 1
Fidel_Castro/Fidel_Castro_0018.jpg Fidel_Castro/Fidel_Castro_0016.jpg 1
George_Robertson/George_Robertson_0015.jpg George_Robertson/George_Robertson_0017.jpg 1
George_W_Bush/George_W_Bush_0267.jpg George_W_Bush/George_W_Bush_0064.jpg 1
Gerhard_Schroeder/Gerhard_Schroeder_0104.jpg Gerhard_Schroeder/Gerhard_Schroeder_0071.jpg 1
Gloria_Macapagal_Arroyo/Gloria_Macapagal_Arroyo_0001.jpg Gloria_Macapagal_Arroyo/Gloria_Macapagal_Arroyo_0006.jpg 1
Gray_Davis/Gray_Davis_0024.jpg Gray_Davis/Gray_Davis_0013.jpg 1
Guillermo_Coria/Guillermo_Coria_0023.jpg Guillermo_Coria/Guillermo_Coria_0027.jpg 1
Halle_Berry/Halle_Berry_0001.jpg Halle_Berry/Halle_Berry_0010.jpg 1
Hamid_Karzai/Hamid_Karzai_0016.jpg Hamid_Karzai/Hamid_Karzai_0011.jpg 1
Hans_Blix/Hans_Blix_0016.jpg Hans_Blix/Hans_Blix_0021.jpg 1
Hu_Jintao/Hu_Jintao_0012.jpg Hu_Jintao/Hu_Jintao_0014.jpg 1
Hugo_Chavez/Hugo_Chavez_0009.jpg Hugo_Chavez/Hugo_Chavez_0025.jpg 1
Igor_Ivanov/Igor_Ivanov_0019.jpg Igor_Ivanov/Igor_Ivanov_0008.jpg 1
Jack_Straw/Jack_Straw_0008.jpg Jack_Straw/Jack_Straw_0026.jpg 1
Jacques_Chirac/Jacques_Chirac_0010.jpg Jacques_Chirac/Jacques_Chirac_0052.jpg 1
Jean_Charest/Jean_Charest_0015.jpg Jean_Charest/Jean_Charest_0003.jpg 1
Jean_Chretien/Jean_Chretien_0006.jpg Jean_Chretien/Jean_Chretien_0021.jpg 1
Jennifer_Aniston/Jennifer_Aniston_0017.jpg Jennifer_Aniston/Jennifer_Aniston_0016.jpg 1
Jennifer_Capriati/Jennifer_Capriati_0007.jpg Jennifer_Capriati/Jennifer_Capriati_0020.jpg 1
Jennifer_Lopez/Jennifer_Lopez_0018.jpg Jennifer_Lopez/Jennifer_Lopez_0010.jpg 1
Jeremy_Greenstock/Jeremy_Greenstock_0023.jpg Jeremy_Greenstock/Jeremy_Greenstock_0004.jpg 1
Jiang_Zemin/Jiang_Zemin_0018.jpg Jiang_Zemin/Jiang_Zemin_0011.jpg 1
John_Ashcroft/John_Ashcroft_0053.jpg John_Ashcroft/John_Ashcroft_0035.jpg 1
John_Bolton/John_Bolton_0007.jpg John_Bolton/John_Bolton_0010.jpg 1
John_Howard/John_Howard_0015.jpg John_Howard/John_Howard_0003.jpg 1
John_Kerry/John_Kerry_0013.jpg John_Kerry/John_Kerry_0011.jpg 1
John_Negroponte/John_Negroponte_0019.jpg John_Negroponte/John_Negroponte_0008.jpg 1
John_Snow/John_Snow_0010.jpg John_Snow/John_Snow_0006.jpg 1
Joschka_Fischer/Joschka_Fischer_0007.jpg Joschka_Fischer/Joschka_Fischer_0006.jpg 1
Jose_Maria_Aznar/Jose_Maria_Aznar_0002.jpg Jose_Maria_Aznar/Jose_Maria_Aznar_0020.jpg 1
Juan_Carlos_Ferrero/Juan_Carlos_Ferrero_0022.jpg Juan_Carlos_Ferrero/Juan_Carlos_Ferrero_0009.jpg 1
Julianne_Moore/Julianne_Moore_0016.jpg Julianne_Moore/Julianne_Moore_0003.jpg 1
Julie_Gerberding/Julie_Gerberding_0002.jpg Julie_Gerberding/Julie_Gerberding_0011.jpg 1
Junichiro_Koizumi/Junichiro_Koizumi_0049.jpg Junichiro_Koizumi/Junichiro_Koizumi_0009.jpg 1
Kofi_Annan/Kofi_Annan_0010.jpg Kofi_Annan/Kofi_Annan_0003.jpg 1
Lance_Armstrong/Lance_Armstrong_0003.jpg Lance_Armstrong/Lance_Armstrong_0013.jpg 1
Laura_Bush/Laura_Bush_0034.jpg Laura_Bush/Laura_Bush_0018.jpg 1
Lindsay_Davenport/Lindsay_Davenport_0017.jpg Lindsay_Davenport/Lindsay_Davenport_0008.jpg 1
Lleyton_Hewitt/Lleyton_Hewitt_0014.jpg Lleyton_Hewitt/Lleyton_Hewitt_0038.jpg 1
Luiz_Inacio_Lula_da_Silva/Luiz_Inacio_Lula_da_Silva_0027.jpg Luiz_Inacio_Lula_da_Silva/Luiz_Inacio_Lula_da_Silva_0038.jpg 1
Mahmoud_Abbas/Mahmoud_Abbas_0009.jpg Mahmoud_Abbas/Mahmoud_Abbas_0015.jpg 1
Megawati_Sukarnoputri/Megawati_Sukarnoputri_0032.jpg Megawati_Sukarnoputri/Megawati_Sukarnoputri_0023.jpg 1
Meryl_Streep/Meryl_Streep_0002.jpg Meryl_Streep/Meryl_Streep_0006.jpg 1
Michael_Bloomberg/Michael_Bloomberg_0020.jpg Michael_Bloomberg/Michael_Bloomberg_0004.jpg 1
Michael_Schumacher/Michael_Schumacher_0016.jpg Michael_Schumacher/Michael_Schumacher_0011.jpg 1
Mohammed_Al-Douri/Mohammed_Al-Douri_0014.jpg Mohammed_Al-Douri/Mohammed_Al-Douri_0004.jpg 1
Nancy_Pelosi/Nancy_Pelosi_0004.jpg Nancy_Pelosi/Nancy_Pelosi_0001.jpg 1
Naomi_Watts/Naomi_Watts_0009.jpg Naomi_Watts/Naomi_Watts_0004.jpg 1
Nestor_Kirchner/Nestor_Kirchner_0015.jpg Nestor_Kirchner/Nestor_Kirchner_0024.jpg 1
Nicole_Kidman/Nicole_Kidman_0006.jpg Nicole_Kidman/Nicole_Kidman_0011.jpg 1
Norah_Jones/Norah_Jones_0007.jpg Norah_Jones/Norah_Jones_0014.jpg 1
Paul_Bremer/Paul_Bremer_0002.jpg Paul_Bremer/Paul_Bremer_0004.jpg 1
Pervez_Musharraf/Pervez_Musharraf_0005.jpg Pervez_Musharraf/Pervez_Musharraf_0008.jpg 1
Pete_Sampras/Pete_Sampras_0002.jpg Pete_Sampras/Pete_Sampras_0019.jpg 1
Pierce_Brosnan/Pierce_Brosnan_0011.jpg Pierce_Brosnan/Pierce_Brosnan_0009.jpg 1
Recep_Tayyip_Erdogan/Recep_Tayyip_Erdogan_0020.jpg Recep_Tayyip_Erdogan/Recep_Tayyip_Erdogan_0022.jpg 1
Renee_Zellweger/Renee_Zellweger_0003.jpg Renee_Zellweger/Renee_Zellweger_0001.jpg 1
Ricardo_Lagos/Ricardo_Lagos_0004.jpg Ricardo_Lagos/Ricardo_Lagos_0021.jpg 1
Richard_Myers/Richard_Myers_0007.jpg Richard_Myers/Richard_Myers_0004.jpg 1
Roh_Moo-hyun/Roh_Moo-hyun_0026.jpg Roh_Moo-hyun/Roh_Moo-hyun_0006.jpg 1
Rudolph_Giuliani/Rudolph_Giuliani_0012.jpg Rudolph_Giuliani/Rudolph_Giuliani_0004.jpg 1
Saddam_Hussein/Saddam_Hussein_0002.jpg Saddam_Hussein/Saddam_Hussein_0020.jpg 1
Serena_Williams/Serena_Williams_0002.jpg Serena_Williams/Serena_Williams_0013.jpg 1
Silvio_Berlusconi/Silvio_Berlusconi_0012.jpg Silvio_Berlusconi/Silvio_Berlusconi_0008.jpg 1
Spencer_Abraham/Spencer_Abraham_0016.jpg Spencer_Abraham/Spencer_Abraham_0007.jpg 1
Taha_Yassin_Ramadan/Taha_Yassin_Ramadan_0012.jpg Taha_Yassin_Ramadan/Taha_Yassin_Ramadan_0013.jpg 1
Tiger_Woods/Tiger_Woods_0002.jpg Tiger_Woods/Tiger_Woods_0022.jpg 1
Tim_Henman/Tim_Henman_0001.jpg Tim_Henman/Tim_Henman_0018.jpg 1
Tom_Daschle/Tom_Daschle_0014.jpg Tom_Daschle/Tom_Daschle_0020.jpg 1
Tom_Ridge/Tom_Ridge_0007.jpg Tom_Ridge/Tom_Ridge_0017.jpg 1
Tommy_Franks/Tommy_Franks_0003.jpg Tommy_Franks/Tommy_Franks_0004.jpg 1
Tony_Blair/Tony_Blair_0019.jpg Tony_Blair/Tony_Blair_0078.jpg 1
Trent_Lott/Trent_Lott_0012.jpg Trent_Lott/Trent_Lott_0007.jpg 1
Venus_Williams/Venus_Williams_0006.jpg Venus_Williams/Venus_Williams_0002.jpg 1
Vicente_Fox/Vicente_Fox_0030.jpg Vicente_Fox/Vicente_Fox_0003.jpg 1
Vladimir_Putin/Vladimir_Putin_0039.jpg Vladimir_Putin/Vladimir_Putin_0007.jpg 1
Winona_Ryder/Winona_Ryder_0023.jpg Winona_Ryder/Winona_Ryder_0013.jpg 1
Guillermo_Coria/Guillermo_Coria_0012.jpg Jacques_Chirac/Jacques_Chirac_0047.jpg 0
Megawati_Sukarnoputri/Megawati_Sukarnoputri_0011.jpg Pete_Sampras/Pete_Sampras_0022.jpg 0
Halle_Berry/Halle_Berry_0006.jpg Ariel_Sharon/Ariel_Sharon_0021.jpg 0
John_Howard/John_Howard_0009.jpg Nestor_Kirchner/Nestor_Kirchner_0008.jpg 0
Ricardo_Lagos/Ricardo_Lagos_0022.jpg Lindsay_Davenport/Lindsay_Davenport_0006.jpg 0
Alejandro_Toledo/Alejandro_Toledo_0027.jpg Megawati_Sukarnoputri/Megawati_Sukarnoputri_0033.jpg 0
Jeremy_Greenstock/Jeremy_Greenstock_0012.jpg Spencer_Abraham/Spencer_Abraham_0013.jpg 0
Taha_Yassin_Ramadan/Taha_Yassin_Ramadan_0003.jpg Jack_Straw/Jack_Straw_0018.jpg 0
Tom_Ridge/Tom_Ridge_0030.jpg Alejandro_Toledo/Alejandro_Toledo_0006.jpg 0
John_Bolton/John_Bolton_0002.jpg Vladimir_Putin/Vladimir_Putin_0035.jpg 0
Jean_Chretien/Jean_Chretien_0016.jpg Dominique_de_Villepin/Dominique_de_Villepin_0013.jpg 0
Meryl_Streep/Meryl_Streep_0010.jpg John_Negroponte/John_Negroponte_0010.jpg 0
Tim_Henman/Tim_Henman_0019.jpg John_Negroponte/John_Negroponte_0031.jpg 0
Serena_Williams/Serena_Williams_0009.jpg Rudolph_Giuliani/Rudolph_Giuliani_0023.jpg 0
Jeremy_Greenstock/Jeremy_Greenstock_0024.jpg Juan_Carlos_Ferrero/Juan_Carlos_Ferrero_0014.jpg 0
Spencer_Abraham/Spencer_Abraham_0001.jpg Bill_Clinton/Bill_Clinton_0020.jpg 0
Gray_Davis/Gray_Davis_0011.jpg Tommy_Franks/Tommy_Franks_0006.jpg 0
Hugo_Chavez/Hugo_Chavez_0058.jpg Hans_Blix/Hans_Blix_0025.jpg 0
Tony_Blair/Tony_Blair_0107.jpg Tim_Henman/Tim_Henman_0002.jpg 0
Julie_Gerberding/Julie_Gerberding_0010.jpg Tommy_Franks/Tommy_Franks_0014.jpg 0
Taha_Yassin_Ramadan/Taha_Yassin_Ramadan_0001.jpg Tony_Blair/Tony_Blair_0043.jpg 0
Lleyton_Hewitt/Lleyton_Hewitt_0017.jpg Arnold_Schwarzenegger/Arnold_Schwarzenegger_0011.jpg 0
Lleyton_Hewitt/Lleyton_Hewitt_0032.jpg Nestor_Kirchner/Nestor_Kirchner_0036.jpg 0
Richard_Myers/Richard_Myers_0002.jpg Abdullah_Gul/Abdullah_Gul_0016.jpg 0
John_Ashcroft/John_Ashcroft_0030.jpg Jeremy_Greenstock/Jeremy_Greenstock_0002.jpg 0
Kofi_Annan/Kofi_Annan_0006.jpg Gray_Davis/Gray_Davis_0024.jpg 0
David_Beckham/David_Beckham_0013.jpg Alejandro_Toledo/Alejandro_Toledo_0027.jpg 0
Jiang_Zemin/Jiang_Zemin_0007.jpg Abdullah_Gul/Abdullah_Gul_0001.jpg 0
Trent_Lott/Trent_Lott_0004.jpg Abdullah_Gul/Abdullah_Gul_0007.jpg 0
Colin_Powell/Colin_Powell_0167.jpg Richard_Myers/Richard_Myers_0007.jpg 0
Jennifer_Lopez/Jennifer_Lopez_0006.jpg Jean_Chretien/Jean_Chretien_0007.jpg 0
Megawati_Sukarnoputri/Megawati_Sukarnoputri_0006.jpg Julianne_Moore/Julianne_Moore_0001.jpg 0
Jean_Chretien/Jean_Chretien_0052.jpg Lleyton_Hewitt/Lleyton_Hewitt_0008.jpg 0
Jack_Straw/Jack_Straw_0021.jpg Dominique_de_Villepin/Dominique_de_Villepin_0009.jpg 0
Spencer_Abraham/Spencer_Abraham_0012.jpg Silvio_Berlusconi/Silvio_Berlusconi_0008.jpg 0
Fidel_Castro/Fidel_Castro_0001.jpg Jean_Chretien/Jean_Chretien_0003.jpg 0
Andy_Roddick/Andy_Roddick_0011.jpg Halle_Berry/Halle_Berry_0009.jpg 0
Pervez_Musharraf/Pervez_Musharraf_0012.jpg Jiang_Zemin/Jiang_Zemin_0019.jpg 0
Andy_Roddick/Andy_Roddick_0012.jpg Winona_Ryder/Winona_Ryder_0020.jpg 0
Spencer_Abraham/Spencer_Abraham_0015.jpg Michael_Schumacher/Michael_Schumacher_0014.jpg 0
Joschka_Fischer/Joschka_Fischer_0006.jpg Nicole_Kidman/Nicole_Kidman_0007.jpg 0
Jose_Maria_Aznar/Jose_Maria_Aznar_0010.jpg Renee_Zellweger/Renee_Zellweger_0001.jpg 0
Dominique_de_Villepin/Dominique_de_Villepin_0005.jpg Fidel_Castro/Fidel_Castro_0011.jpg 0
John_Howard/John_Howard_0003.jpg Joschka_Fischer/Joschka_Fischer_0011.jpg 0
Rudolph_Giuliani/Rudolph_Giuliani_0002.jpg Andre_Agassi/Andre_Agassi_0018.jpg 0
George_Robertson/George_Robertson_0019.jpg Fidel_Castro/Fidel_Castro_0010.jpg 0
John_Snow/John_Snow_0005.jpg Julianne_Moore/Julianne_Moore_0010.jpg 0
Carlos_Moya/Carlos_Moya_0008.jpg Meryl_Streep/Meryl_Streep_0015.jpg 0
Angelina_Jolie/Angelina_Jolie_0006.jpg Jeremy_Greenstock/Jeremy_Greenstock_0017.jpg 0
Vicente_Fox/Vicente_Fox_0020.jpg Atal_Bihari_Vajpayee/Atal_Bihari_Vajpayee_0013.jpg 0
John_Bolton/John_Bolton_0014.jpg Jennifer_Lopez/Jennifer_Lopez_0004.jpg 0
Bill_Simon/Bill_Simon_0015.jpg Pervez_Musharraf/Pervez_Musharraf_0016.jpg 0
Megawati_Sukarnoputri/Megawati_Sukarnoputri_0022.jpg John_Howard/John_Howard_0004.jpg 0
Meryl_Streep/Meryl_Streep_0012.jpg Carlos_Moya/Carlos_Moya_0016.jpg 0
Lance_Armstrong/Lance_Armstrong_0010.jpg Andre_Agassi/Andre_Agassi_0022.jpg 0
Vladimir_Putin/Vladimir_Putin_0010.jpg Tom_Daschle/Tom_Daschle_0006.jpg 0
Saddam_Hussein/Saddam_Hussein_0013.jpg Pete_Sampras/Pete_Sampras_0021.jpg 0
Bill_Gates/Bill_Gates_0003.jpg Arnold_Schwarzenegger/Arnold_Schwarzenegger_0013.jpg 0
Winona_Ryder/Winona_Ryder_0002.jpg Hans_Blix/Hans_Blix_0025.jpg 0
Alejandro_Toledo/Alejandro_Toledo_0026.jpg Bill_Simon/Bill_Simon_0009.jpg 0
Naomi_Watts/Naomi_Watts_0015.jpg Jennifer_Capriati/Jennifer_Capriati_0032.jpg 0
Recep_Tayyip_Erdogan/Recep_Tayyip_Erdogan_0022.jpg Trent_Lott/Trent_Lott_0007.jpg 0
Lance_Armstrong/Lance_Armstrong_0012.jpg Bill_Clinton/Bill_Clinton_0008.jpg 0
Jacques_Chirac/Jacques_Chirac_0050.jpg Recep_Tayyip_Erdogan/Recep_Tayyip_Erdogan_0006.jpg 0
Laura_Bush/Laura_Bush_0023.jpg Gray_Davis/Gray_Davis_0004.jpg 0
Arnold_Schwarzenegger/Arnold_Schwarzenegger_0002.jpg Tommy_Franks/Tommy_Franks_0015.jpg 0
Tim_Henman/Tim_Henman_0004.jpg Guillermo_Coria/Guillermo_Coria_0016.jpg 0
Julianne_Moore/Julianne_Moore_0007.jpg Jack_Straw/Jack_Straw_0021.jpg 0
Andy_Roddick/Andy_Roddick_0010.jpg Hamid_Karzai/Hamid_Karzai_0005.jpg 0
Carlos_Menem/Carlos_Menem_0015.jpg Guillermo_Coria/Guillermo_Coria_0013.jpg 0
John_Snow/John_Snow_0005.jpg Norah_Jones/Norah_Jones_0002.jpg 0
Ricardo_Lagos/Ricardo_Lagos_0005.jpg Michael_Bloomberg/Michael_Bloomberg_0019.jpg 0
Julie_Gerberding/Julie_Gerberding_0011.jpg Serena_Williams/Serena_Williams_0028.jpg 0
Naomi_Watts/Naomi_Watts_0022.jpg Michael_Schumacher/Michael_Schumacher_0011.jpg 0
Michael_Schumacher/Michael_Schumacher_0007.jpg Serena_Williams/Serena_Williams_0035.jpg 0
Roh_Moo-hyun/Roh_Moo-hyun_0001.jpg Hans_Blix/Hans_Blix_0022.jpg 0
Tony_Blair/Tony_Blair_0082.jpg Winona_Ryder/Winona_Ryder_0011.jpg 0
Andre_Agassi/Andre_Agassi_0010.jpg Nestor_Kirchner/Nestor_Kirchner_0017.jpg 0
Richard_Myers/Richard_Myers_0013.jpg Fidel_Castro/Fidel_Castro_0010.jpg 0
Trent_Lott/Trent_Lott_0016.jpg Tony_Blair/Tony_Blair_0017.jpg 0
Bill_Clinton/Bill_Clinton_0028.jpg Naomi_Watts/Naomi_Watts_0002.jpg 0
Arnold_Schwarzenegger/Arnold_Schwarzenegger_0009.jpg Hans_Blix/Hans_Blix_0003.jpg 0
Jennifer_Lopez/Jennifer_Lopez_0015.jpg Alejandro_Toledo/Alejandro_Toledo_0022.jpg 0
George_Robertson/George_Robertson_0021.jpg Fidel_Castro/Fidel_Castro_0015.jpg 0
Joschka_Fischer/Joschka_Fischer_0013.jpg Mohammed_Al-Douri/Mohammed_Al-Douri_0015.jpg 0
Nestor_Kirchner/Nestor_Kirchner_0003.jpg Mohammed_Al-Douri/Mohammed_Al-Douri_0010.jpg 0
Bill_Gates/Bill_Gates_0017.jpg Tim_Henman/Tim_Henman_0003.jpg 0
Winona_Ryder/Winona_Ryder_0007.jpg Lance_Armstrong/Lance_Armstrong_0010.jpg 0
Nicole_Kidman/Nicole_Kidman_0014.jpg Ricardo_Lagos/Ricardo_Lagos_0027.jpg 0
Meryl_Streep/Meryl_Streep_0010.jpg Juan_Carlos_Ferrero/Juan_Carlos_Ferrero_0019.jpg 0
Hu_Jintao/Hu_Jintao_0011.jpg Alvaro_Uribe/Alvaro_Uribe_0001.jpg 0
Vladimir_Putin/Vladimir_Putin_0020.jpg Gloria_Macapagal_Arroyo/Gloria_Macapagal_Arroyo_0033.jpg 0
Pete_Sampras/Pete_Sampras_0011.jpg Jack_Straw/Jack_Straw_0003.jpg 0
Michael_Schumacher/Michael_Schumacher_0010.jpg Jacques_Chirac/Jacques_Chirac_0050.jpg 0
Junichiro_Koizumi/Junichiro_Koizumi_0052.jpg Juan_Carlos_Ferrero/Juan_Carlos_Ferrero_0013.jpg 0
Ariel_Sharon/Ariel_Sharon_0017.jpg George_Robertson/George_Robertson_0008.jpg 0
